title,category,price_rwf,in_stock,date,shop
Pork bones meat/kg,uncategorised,8500.0,False,2026-07-28,amahaho
"Samsung A17 4G 128GB,4GB RAM,2years warranty",uncategorised,272200.0,True,2026-07-28,amahaho
"Samsung A16 4G 128GB, 4GB RAM, 2yr warranty",Smartphone,250000.0,True,2026-07-28,amahaho
"Samsung A07 4G 128GB, 4GB RAM 2yr warranty",Smartphone,200000.0,True,2026-07-28,amahaho
"Samsung A07 4G 64GB, 4GB RAM, 2yr warranty",Smartphone,172000.0,True,2026-07-28,amahaho
SP Cooking Gas - 6kg,uncategorised,14900.0,True,2026-07-28,amahaho
SP Cooking Gas - 12kg,uncategorised,24350.0,True,2026-07-28,amahaho
SP Cooking Gas - 15Kg,uncategorised,35800.0,True,2026-07-28,amahaho
SP Cooking Gas - 20Kg,uncategorised,48200.0,True,2026-07-28,amahaho
Mukamira Whole Milk 250ml,Milk,490.0,True,2026-07-28,amahaho
Mukamira Whole Milk 500ml,Milk,980.0,True,2026-07-28,amahaho
Mukamira flavoured Milk,uncategorised,12500.0,True,2026-07-28,amahaho
Infinix Smart 10,Phone,212500.0,True,2026-07-28,amahaho
Copper Vinyl Paint / 1L,uncategorised,14110.0,True,2026-07-28,amahaho
Mika Pure Aqua Dispenser,uncategorised,155600.0,True,2026-07-28,amahaho
Mugulusi Maize flour / Kawunga Mugulusi / 1Kg,uncategorised,2500.0,True,2026-07-28,amahaho
Maraba Ground Coffee ( Café de Maraba) /500g,uncategorised,13500.0,True,2026-07-28,amahaho
Bbrood White Loaf,uncategorised,2000.0,True,2026-07-28,amahaho
Spelt Loaf,uncategorised,4500.0,True,2026-07-28,amahaho
Bbrood Multigrain Loaf,uncategorised,4000.0,True,2026-07-28,amahaho
Inyange Long Life Milk 500ml x 12 *Choose Whole or Low Fat,Milk,8500.0,True,2026-07-28,amahaho
Pineapple - Inanasi - Ananas /Pc,uncategorised,1800.0,True,2026-07-28,amahaho
Inyange Mango Juice 250ml,uncategorised,500.0,True,2026-07-28,amahaho
Inyange Guava Juice,uncategorised,24000.0,True,2026-07-28,amahaho
Inyange Cocktail Juice,uncategorised,24000.0,True,2026-07-28,amahaho
Inyange Apple Juice 500ml,uncategorised,1200.0,True,2026-07-28,amahaho
Inyange Apple Juice 250ml,uncategorised,1000.0,True,2026-07-28,amahaho
Inyange Apple Juice 250ml x 24,uncategorised,8300.0,True,2026-07-28,amahaho
Apple Ceres Juice-1L,uncategorised,2800.0,True,2026-07-28,amahaho
Winnaz Tsinda Salted Sweet Potatoes 30g,Salted Snacks,950.0,True,2026-07-28,amahaho
Winnaz Salted Potato Crisps Family Size / 225g,uncategorised,4500.0,True,2026-07-28,amahaho
Winnaz Pizza Potato Crisps / 125g,uncategorised,2750.0,True,2026-07-28,amahaho
Winnaz Salt & Vinegar Crisps,uncategorised,950.0,True,2026-07-28,amahaho
Winnaz Pili Pili Potato Chips,uncategorised,950.0,True,2026-07-28,amahaho
Winnaz Paprika Potato Crisps,uncategorised,700.0,True,2026-07-28,amahaho
Winnaz Original Potato Chips,uncategorised,950.0,True,2026-07-28,amahaho
Winnaz Cheese and Onions Flavored Chips,uncategorised,2550.0,True,2026-07-28,amahaho
Tiger Max Fire Flavor Chips / 115g,uncategorised,2200.0,False,2026-07-28,amahaho
Tiger Mega Seasoned Cheese Chips / 170g,uncategorised,2500.0,True,2026-07-28,amahaho
Tiger Tomato Flavored Chips / 115g,uncategorised,2200.0,True,2026-07-28,amahaho
Tiger Sweet Chili Flavored Chips,uncategorised,2200.0,True,2026-07-28,amahaho
Tiger Excellence Chips,uncategorised,700.0,True,2026-07-28,amahaho
Tiger Chilli and Lemon Flavored Chips,uncategorised,300.0,True,2026-07-28,amahaho
Lay’s Edible Salt Chips,uncategorised,2800.0,True,2026-07-28,amahaho
Lay’s Tomato Flavored Chips,uncategorised,2800.0,True,2026-07-28,amahaho
Lay’s Salt and Vinegar Flavored Chips,uncategorised,600.0,True,2026-07-28,amahaho
Lay’s Kebab Flavor Chips / 97g,uncategorised,2800.0,True,2026-07-28,amahaho
Lay’s Cheese And Onion Flavored Chips,uncategorised,600.0,True,2026-07-28,amahaho
Lay’s Cheese Flavored Chips,uncategorised,600.0,True,2026-07-28,amahaho
Lay’s Chili and Lemon Flavored Chips,uncategorised,2800.0,True,2026-07-28,amahaho
Lay’s Cheese and Onion Flavored Chips / 160g,uncategorised,4000.0,True,2026-07-28,amahaho
Doritos Cheese Flavored Chips,uncategorised,1700.0,False,2026-07-28,amahaho
Doritos Flamin’ Hot Tortilla Chips,uncategorised,1700.0,False,2026-07-28,amahaho
Doritos Chips Sweet Chilli,uncategorised,1700.0,True,2026-07-28,amahaho
Inyange Butter,uncategorised,90000.0,True,2026-07-28,amahaho
Masaka Butter 500g,uncategorised,6500.0,True,2026-07-28,amahaho
American Garden Apple Cider Vinegar 500ml,uncategorised,5800.0,True,2026-07-28,amahaho
Boom-Q 5W Mini Bluetooth Speakers - Digifon,Speakers,50000.0,True,2026-07-28,amahaho
BoomMax Elite 30W Bluetooth Speaker,Speakers,140000.0,True,2026-07-28,amahaho
BoomMax Elite 2 80w Party Speaker,uncategorised,260000.0,True,2026-07-28,amahaho
BoomMax Elite 1 40W Party Speaker,Speakers,200000.0,True,2026-07-28,amahaho
Digifon BoomMax 20W Speaker,Speakers,125000.0,True,2026-07-28,amahaho
Digifon BoomAir Hifi Earbuds,Earbuds,65000.0,True,2026-07-28,amahaho
Digifon BoomAir Hifi 3 Blue Earbuds,Earbuds,70000.0,True,2026-07-28,amahaho
Digifon BoomAir Bass Black Earbuds,Earbuds,42000.0,True,2026-07-28,amahaho
Sunelan S11,uncategorised,15000.0,True,2026-07-28,amahaho
Sunelan S10,uncategorised,14375.0,True,2026-07-28,amahaho
Sunelan S7,uncategorised,12900.0,True,2026-07-28,amahaho
"Samsung Galaxy A06 64 GB, 4GB RAM",uncategorised,150000.0,True,2026-07-28,amahaho
Simba mbili Curry Powder /200g,uncategorised,4000.0,True,2026-07-28,amahaho
Azam Embe juice,uncategorised,900.0,True,2026-07-28,amahaho
LAL QILLA BASMATI RICE / 1Kg,uncategorised,8500.0,True,2026-07-28,amahaho
Inyange Plain Yoghurt 250g,Yogurt,1000.0,True,2026-07-28,amahaho
Inyange Strawberry (Fraise) Yoghurt 400g,Yogurt,1200.0,True,2026-07-28,amahaho
Garam Masala / 50g,uncategorised,2500.0,True,2026-07-28,amahaho
Indomie Chicken Flavor Noodles 70g / Pc,uncategorised,500.0,True,2026-07-28,amahaho
Untitled May7_19:08,uncategorised,10500.0,True,2026-07-28,amahaho
"Samsung Galaxy A05 64 GB, 4GB RAM",uncategorised,162000.0,True,2026-07-28,amahaho
RS Extra Virgin Olive Oil 1L,Cooking Oil,25000.0,True,2026-07-28,amahaho
Sosoma 1 porridge flour/ 1Kg,uncategorised,3750.0,True,2026-07-28,amahaho
Garlic 1/4,uncategorised,2000.0,True,2026-07-28,amahaho
Garlic 1/2 Kg,uncategorised,4000.0,True,2026-07-28,amahaho
Supa Toilet Paper / 50 Pcs,uncategorised,19500.0,True,2026-07-28,amahaho
Sweet Corn - Mais Doux,uncategorised,4500.0,True,2026-07-28,amahaho
Sweeping Brush,uncategorised,5000.0,True,2026-07-28,amahaho
Toilet Brush,uncategorised,4000.0,True,2026-07-28,amahaho
Onga / 1Pc,uncategorised,150.0,True,2026-07-28,amahaho
Inyange Long Life Milk 12 x 1L *Choose Whole or Low Fat*,Milk,17900.0,True,2026-07-28,amahaho
Quaker White Oats - Porridge/ 1Pc,uncategorised,5800.0,True,2026-07-28,amahaho
Vanilla Essence,uncategorised,3500.0,True,2026-07-28,amahaho
White Bread / Sweet Milk Bread,uncategorised,2000.0,True,2026-07-28,amahaho
Brown Bread,uncategorised,3000.0,True,2026-07-28,amahaho
Tropical Heat OREGANO Leaves 20g,uncategorised,2000.0,True,2026-07-28,amahaho
Mt Meru Cooking Gas - 50Kg,uncategorised,104600.0,True,2026-07-28,amahaho
Mt Meru Cooking Gas - 35Kg,uncategorised,73800.0,True,2026-07-28,amahaho
Mt Meru Cooking Gas - 25 Kg,uncategorised,53300.0,True,2026-07-28,amahaho
Mt Meru Cooking Gas - 20Kg,uncategorised,43000.0,True,2026-07-28,amahaho
Mt Meru Cooking Gas - 15 Kg,uncategorised,32800.0,True,2026-07-28,amahaho
Mt Meru Cooking Gas - 12Kg,uncategorised,24600.0,True,2026-07-28,amahaho
Mt Meru Cooking Gas - 6Kg,uncategorised,12300.0,True,2026-07-28,amahaho
Merez Cooking Gas - 50Kg,uncategorised,104600.0,True,2026-07-28,amahaho
Merez Cooking Gas - 35Kg,uncategorised,73800.0,True,2026-07-28,amahaho
Merez Cooking Gas - 25Kg,uncategorised,53300.0,True,2026-07-28,amahaho
Merez Cooking Gas - 20Kg,Gas Oven,43000.0,True,2026-07-28,amahaho
Merez Cooking Gas - 15Kg,uncategorised,33800.0,True,2026-07-28,amahaho
Merez Cooking Gas - 12kg,uncategorised,24600.0,True,2026-07-28,amahaho
Merez Cooking Gas - 6kg,Gas Can,14500.0,True,2026-07-28,amahaho
Beef Masala,uncategorised,2800.0,True,2026-07-28,amahaho
Washing Line Cord / 1Pc,uncategorised,4375.0,True,2026-07-28,amahaho
Steel wire sponge / 6 pcs,uncategorised,3000.0,True,2026-07-28,amahaho
Sunlight Washing powder/ 500g,uncategorised,4000.0,True,2026-07-28,amahaho
Recycle plastic bag/ 1Pc,uncategorised,2500.0,True,2026-07-28,amahaho
Floor Cleaning Towels,uncategorised,2200.0,True,2026-07-28,amahaho
Wood T-mop,uncategorised,2200.0,True,2026-07-28,amahaho
Papier film / 1pc,uncategorised,15000.0,True,2026-07-28,amahaho
Groundnuts - Ubunyobwa /1kg,Nuts & Seeds,3300.0,True,2026-07-28,amahaho
Vinegar / 500ml,uncategorised,1050.0,True,2026-07-28,amahaho
Black Tea bags Gold blend / 1 pack,uncategorised,2700.0,True,2026-07-28,amahaho
Yellow Pepper / Poivron Jaune / 1pc,uncategorised,1500.0,True,2026-07-28,amahaho
Shinex window cleaner/ 750ml,uncategorised,3500.0,True,2026-07-28,amahaho
Paprika powder,uncategorised,3000.0,True,2026-07-28,amahaho
Inyange Cocktail Juice 1L x 12,uncategorised,24000.0,True,2026-07-28,amahaho
Amateke bwayisi / Yams / 1kg,uncategorised,1500.0,True,2026-07-28,amahaho
Red Radish / bunch,uncategorised,450.0,True,2026-07-28,amahaho
Brown rice / 1kg,uncategorised,2500.0,True,2026-07-28,amahaho
Pakmaya baking powder,uncategorised,2500.0,True,2026-07-28,amahaho
Charcoals/ Amakara / 1 Bundle,uncategorised,15500.0,True,2026-07-28,amahaho
Charcoal Colgate / 1Pc,uncategorised,3000.0,True,2026-07-28,amahaho
Protex Soap / 1Pc,uncategorised,1500.0,True,2026-07-28,amahaho
Chayote/ Ibishayote,uncategorised,2500.0,True,2026-07-28,amahaho
Liquid Soap Simba/ Savon Liquid Simba / 5L,uncategorised,4000.0,True,2026-07-28,amahaho
Okra / Gombo 1kg,uncategorised,3500.0,True,2026-07-28,amahaho
Mukamira whole milk 500ml x 12,Milk,11050.0,True,2026-07-28,amahaho
Moutarde / 1pc,uncategorised,5000.0,True,2026-07-28,amahaho
Chicken thighs/ 1kg,uncategorised,8500.0,True,2026-07-28,amahaho
Maganjo Maize Flour - Kawunga /5kgs,uncategorised,12000.0,True,2026-07-28,amahaho
Evy Baby Jumbo/ Size 4/ Pc,uncategorised,25000.0,True,2026-07-28,amahaho
Everyday Cornflakes,uncategorised,11000.0,True,2026-07-28,amahaho
Natural Honey-Ubuki / 500 g,uncategorised,3500.0,False,2026-07-28,amahaho
Sticks of Butter Unsalted/ salted,uncategorised,6000.0,False,2026-07-28,amahaho
Small Irish potatoes Kinigi/ 1kg,uncategorised,1200.0,True,2026-07-28,amahaho
Persil detergent powder,uncategorised,21000.0,True,2026-07-28,amahaho
Sta-soft fabric softener / 750ml,uncategorised,4500.0,True,2026-07-28,amahaho
Inyange Mango Juice 1L,uncategorised,1920.0,True,2026-07-28,amahaho
Inyange Passion Fruit juice / 1L,uncategorised,2800.0,True,2026-07-28,amahaho
Inyange Apple Juice / 1L,uncategorised,2500.0,True,2026-07-28,amahaho
Red Gold Tomato Paste/ 25pcs,uncategorised,5800.0,True,2026-07-28,amahaho
Klin washing powder / 15kgs,uncategorised,28000.0,False,2026-07-28,amahaho
Inyange Long Life UHT Milk 1L,Milk,2000.0,True,2026-07-28,amahaho
Inyange Long Life UHT Milk 500mL,Milk,900.0,True,2026-07-28,amahaho
Pasta / Pâtés,uncategorised,1400.0,False,2026-07-28,amahaho
Paper towels/ Essuie-tous,uncategorised,3300.0,False,2026-07-28,amahaho
Mukamira UHT Whole Milk 250ml x 24,Milk,11050.0,True,2026-07-28,amahaho
Porridge / Bouillie,uncategorised,4400.0,False,2026-07-28,amahaho
Cloves - Clous de girofle / 1kg,uncategorised,32500.0,True,2026-07-28,amahaho
Cloves - Clous de girofle / 1spoon,uncategorised,2000.0,True,2026-07-28,amahaho
Beet - Betterave / A bunch,uncategorised,550.0,True,2026-07-28,amahaho
Yellow beans- Haricots jaune - Ibishyimbo by’umuhondo /1kg,uncategorised,2100.0,False,2026-07-28,amahaho
Tuna - Everyday /pc,uncategorised,4400.0,False,2026-07-28,amahaho
Beste Rice 25Kg,uncategorised,40000.0,True,2026-07-28,amahaho
Cooking Salt/ Sel de cuisine/ Umunyu /1kg,uncategorised,710.0,True,2026-07-28,amahaho
Pilau Masala,uncategorised,2200.0,True,2026-07-28,amahaho
Mugulusi Maize flour / Kawunga Mugulusi / 25Kg,uncategorised,28200.0,True,2026-07-28,amahaho
Chicken Masala,uncategorised,2800.0,True,2026-07-28,amahaho
Fish Masala Powder,uncategorised,1700.0,True,2026-07-28,amahaho
Curry powder / Poudre de curry,uncategorised,3000.0,True,2026-07-28,amahaho
Royco/ 1Pc,uncategorised,3500.0,False,2026-07-28,amahaho
Soy sauce/ Sauce soja/ 1Pc,uncategorised,3500.0,True,2026-07-28,amahaho
Fresh Fish / Poisson frais / 1kg,uncategorised,6875.0,True,2026-07-28,amahaho
Cream fresh / Crème fraîche,uncategorised,4500.0,True,2026-07-28,amahaho
Fresh Beans / Ibitonore / 1kg,uncategorised,4000.0,True,2026-07-28,amahaho
Crystal sunflower oil/ Igihwagari /1L,uncategorised,6500.0,True,2026-07-28,amahaho
Crystal Olive Oil/ 5L,uncategorised,25000.0,True,2026-07-28,amahaho
Pumpkin/ Citrouille / igihaza / 1Pc,uncategorised,2200.0,False,2026-07-28,amahaho
Piri Piri / 1kg,uncategorised,3500.0,False,2026-07-28,amahaho
Bertini  Extra Virgin Olive Oil / 1L,uncategorised,15000.0,False,2026-07-28,amahaho
Peanuts/ Archide/ ubunyobwa budaseye /1kg,uncategorised,3300.0,True,2026-07-28,amahaho
Maggi seasoning Cubes/ 39 Cubes,uncategorised,2200.0,False,2026-07-28,amahaho
Dishwashing soap / savon à vaisselle,uncategorised,3000.0,True,2026-07-28,amahaho
Dishwashing liquid / 5L,uncategorised,3500.0,True,2026-07-28,amahaho
Iturize Baby Medium,uncategorised,25000.0,False,2026-07-28,amahaho
Brown Sugar ILLOVO / 1Kg,uncategorised,2300.0,True,2026-07-28,amahaho
Iturize X-Large,uncategorised,25000.0,False,2026-07-28,amahaho
Evy Baby Diapers Jumbo Pack Size 2,uncategorised,25000.0,False,2026-07-28,amahaho
Best Star Supa Pack,uncategorised,9400.0,False,2026-07-28,amahaho
Best Star Jumbo pack,uncategorised,7200.0,False,2026-07-28,amahaho
Best Star Mini Pack,uncategorised,1100.0,False,2026-07-28,amahaho
Baby Step wipes 200+20,uncategorised,3100.0,True,2026-07-28,amahaho
Baby Step Wipes 150+10,uncategorised,2500.0,True,2026-07-28,amahaho
Bonjour Diapers Jumbo Pack,Diapers,22000.0,True,2026-07-28,amahaho
Bonjour Diapers Supa Pack,Diapers,22000.0,True,2026-07-28,amahaho
Baby Steps Diapers Small Pack,Diapers,2600.0,True,2026-07-28,amahaho
Mami Love Diapers Mini Pack,Diapers,5500.0,True,2026-07-28,amahaho
Evy Baby Diapers Mini Pack,Diapers,12500.0,True,2026-07-28,amahaho
Baby Steps Diapers Jumbo Pack,Diapers,16500.0,True,2026-07-28,amahaho
Iturize Baby Diapers Jumbo Pack,Diapers,25000.0,True,2026-07-28,amahaho
Mami Love Diapers Jumbo Pack,Diapers,15000.0,True,2026-07-28,amahaho
Evy Baby Diapers Jumbo Pack,Diapers,25000.0,True,2026-07-28,amahaho
Red Pepper /Pc,Fruits & Vegetables,1580.0,True,2026-07-28,amahaho
jambo sunflower oil 1L,uncategorised,6500.0,False,2026-07-28,amahaho
AZAM Home Baking Flour,uncategorised,2750.0,False,2026-07-28,amahaho
Nutella /350g,uncategorised,0.0,False,2026-07-28,amahaho
Nike Air Force 1,Shoes,31500.0,True,2026-07-28,amahaho
Star Soft Liquid Soap / 5L,uncategorised,20000.0,True,2026-07-28,amahaho
Vitalo 50CL,uncategorised,950.0,True,2026-07-28,amahaho
Primus 50CL,uncategorised,800.0,True,2026-07-28,amahaho
Heineken/ PC,uncategorised,1350.0,True,2026-07-28,amahaho
Nezo Salt,uncategorised,5000.0,True,2026-07-28,amahaho
Garlic /Tungurusumu1/2kg,uncategorised,7000.0,True,2026-07-28,amahaho
Haricot Jaune/ Kg,uncategorised,2280.0,True,2026-07-28,amahaho
Taro/ Amateke/ Kg,uncategorised,1050.0,True,2026-07-28,amahaho
Cassava/ Imyumbati /Kg,uncategorised,1000.0,True,2026-07-28,amahaho
Ginger / Tangawizi 1kg,uncategorised,3500.0,True,2026-07-28,amahaho
Thyme,uncategorised,200.0,True,2026-07-28,amahaho
Boneless Chicken,uncategorised,12500.0,True,2026-07-28,amahaho
Fanta Orange 1.5L,Soft Drink,2300.0,True,2026-07-28,amahaho
Fanta Sprite 1.5L,Soft Drink,2700.0,True,2026-07-28,amahaho
Fanta Pineapple 1.5L,Soft Drink,2700.0,True,2026-07-28,amahaho
Coca Cola 1.5L,Soft Drink,2700.0,True,2026-07-28,amahaho
Fanta Citron  1.5L,Soft Drink,2700.0,True,2026-07-28,amahaho
Coca Zero 12 x 50cl,Soft Drink,13200.0,True,2026-07-28,amahaho
Vitalo 12 x 50cl,Soft Drink,9800.0,False,2026-07-28,amahaho
Sprite 12 x 50cl,Soft Drink,9800.0,True,2026-07-28,amahaho
Fanta Fiesta 12 x 50cl,Soft Drink,9800.0,True,2026-07-28,amahaho
Fanta Pineapple 12 x 50cl,Soft Drink,9800.0,True,2026-07-28,amahaho
Fanta Orange 12 x 50cl,Soft Drink,10440.0,True,2026-07-28,amahaho
Coca Cola 12 x 50cl,Soft Drink,10440.0,True,2026-07-28,amahaho
Inyange Premium Passion Juice 12 x 1L,Juice,25000.0,True,2026-07-28,amahaho
Inyange Mango Juice - Jus y'Imyembe 12 x 500ml,Juice,12700.0,True,2026-07-28,amahaho
Inyange Mango Juice - Jus y'Imyembe 12 x 1L,Juice,25000.0,True,2026-07-28,amahaho
Inyange Apple Juice - Jus ya Pomme 12 x 1L,Juice,25000.0,True,2026-07-28,amahaho
Inyange Apple Juice - Jus ya Pomme 12 x 500ml,Juice,12500.0,True,2026-07-28,amahaho
Plantain - Imizuzu /kg,Fruits & Vegetables,3160.0,True,2026-07-28,amahaho
Garlic - Tungurusumu /kg,Fruits & Vegetables,8000.0,True,2026-07-28,amahaho
Everyday Hand Washing Cream - Creme Lavante Pour le Main,Soap,1700.0,True,2026-07-28,amahaho
Everyday Makeup Remover Disc - Disque a Demaquiller,Makeup Remover,2000.0,True,2026-07-28,amahaho
Everyday Mayonnaise,Appetizer,6500.0,True,2026-07-28,amahaho
Boni Cappuccino,Cappuccino,7500.0,True,2026-07-28,amahaho
Boni Cereal Flakes - Flocons de Céréales,Cereals,12000.0,True,2026-07-28,amahaho
Boni Choco Clams - Palourdes Choco /750g,uncategorised,6300.0,False,2026-07-28,amahaho
Boni Balsamic Vinegar - Vinaigre Balsamique /500ml,Appetizer,3800.0,True,2026-07-28,amahaho
Boni Douche 2 in 1,Bath & Shower,5200.0,True,2026-07-28,amahaho
Boni Douche Creme Coco - Crème de Douche Coco /500ml,Bath & Shower,5200.0,True,2026-07-28,amahaho
Everyday Muesli - Céréale-Musli /Kg,Snacks,9000.0,True,2026-07-28,amahaho
Everyday Grenadine Syrup Juice - Jus de Grenadine au Sirop /1L,Juice,4200.0,True,2026-07-28,amahaho
Everyday White Rum - Rhum Blanc /70Cl,Rum,12500.0,True,2026-07-28,amahaho
Everyday Bisccuit - Petit Beurre,biscuit,3200.0,True,2026-07-28,amahaho
Everyday - Sugar Cubes - Sucre en Morceaux /Kg,Sugars & Sweeteners,9500.0,True,2026-07-28,amahaho
Everyday  soluble coffee -  Café Soluble,Coffee,5500.0,True,2026-07-28,amahaho
Everyday - Air Freshener - Desodorissant,air freshener,4500.0,True,2026-07-28,amahaho
Everyday Gin /70cl,Gin,7150.0,True,2026-07-28,amahaho
Everyday Oatmeal - Flocons d'Avoine - Porici,Snacks,7000.0,True,2026-07-28,amahaho
Everyday Coffee Filter - Filtre à Café,Coffee Maker,3000.0,True,2026-07-28,amahaho
Everyday Dish Sponge - Éponge à vaisselle,Dish Sponges,700.0,True,2026-07-28,amahaho
Everyday Paris Mushroom,Vegetables,5000.0,True,2026-07-28,amahaho
Everyday Toothpaste - Dentifrice   /125g,Cleaning Product,2500.0,True,2026-07-28,amahaho
Epoxy Resin 1Kg,Epoxy,21200.0,True,2026-07-28,amahaho
Super Gloss Enamel 1L,Super Gloss Enamel,3800.0,True,2026-07-28,amahaho
Antirust - Antirouille 1L,Antirust - Antirouille,3400.0,True,2026-07-28,amahaho
Super Gloss Enamel 4L,Super Gloss Enamel,11380.0,True,2026-07-28,amahaho
Latex Matt EG 4L,Latex Matt EG,21000.0,True,2026-07-28,amahaho
Enduit - Undercoat 4L,Enduit - Undercoat,3220.0,True,2026-07-28,amahaho
Latex Matt EG 20L,Latex Matt EG,21000.0,True,2026-07-28,amahaho
Latex Matt 4L,Latex Matt,7230.0,True,2026-07-28,amahaho
Latex Matt 20L,Latex Matt,35670.0,True,2026-07-28,amahaho
Vinyl Matt 4L,Vinyl Matt,16670.0,True,2026-07-28,amahaho
Vinyl Matt 20L,Vinyl Matt,82590.0,True,2026-07-28,amahaho
Silk Vinyl 4L,Silk Vinyl,17220.0,True,2026-07-28,amahaho
Silk Vinyl 20L,Silk Vinyl,84840.0,True,2026-07-28,amahaho
Weather Guard 4L,Weather Guard,18890.0,True,2026-07-28,amahaho
Weather Guard 20L,Weather Guard,91290.0,True,2026-07-28,amahaho
Wall Master CRA002 6kg,Wall Master,5800.0,True,2026-07-28,amahaho
Wall Master CRA003 30kg,Wall Master,33000.0,True,2026-07-28,amahaho
Wall Master CRA002 30kg,Wall Master,28120.0,True,2026-07-28,amahaho
Super Gloss Enamel - Fast Dry 1L,Super Gloss Enamel - Fast Dry,6110.0,True,2026-07-28,amahaho
Super Gloss Enamel - Fast Dry 4L,Super Gloss Enamel - Fast Dry,23090.0,True,2026-07-28,amahaho
Supersol 4L,Supersol,52180.0,True,2026-07-28,amahaho
Mastic 6kg,Mastic,14500.0,True,2026-07-28,amahaho
Mastic 2kg,Mastic,4830.0,True,2026-07-28,amahaho
Mastic 1kg,Mastic,2420.0,True,2026-07-28,amahaho
Aluminium 4L,Aluminium,23110.0,True,2026-07-28,amahaho
Aluminium 1L,Aluminium,6110.0,True,2026-07-28,amahaho
Aluminium 0.5L,Aluminium,2770.0,True,2026-07-28,amahaho
Stone Finish 6kg,Stone Finish,16910.0,True,2026-07-28,amahaho
Stone Finish 30kg,Stone Finish,72220.0,True,2026-07-28,amahaho
Peanut Flour - Farine d'Arachide - Ifu y'Ubunyobwa /Kg,Peanuts,4500.0,True,2026-07-28,amahaho
Palm Oil - Huile de Palme - Amamesa / 1l,Cooking Oil,5000.0,False,2026-07-28,amahaho
Paint Test,Paint,1234.0,True,2026-07-28,amahaho
Green Banana - Igitoki - Banane Verte /Kg,Bananas,550.0,True,2026-07-28,amahaho
Green Beans - Haricot Vert - Imiteja /Kg,Fruits & Vegetables,1700.0,True,2026-07-28,amahaho
Captain Fish Fillet /Kg,Fish,16000.0,True,2026-07-28,amahaho
American Garden Ketchup,Ketchup,1600.0,True,2026-07-28,amahaho
Tilapia Fish - Ifi ya Tilapia 1kg,Fish Food,7000.0,True,2026-07-28,amahaho
Thomson Fish - Ifi ya Thomson 1kg,Fish Food,5900.0,True,2026-07-28,amahaho
Tilapia Fish Fillet 500g,Fish Food,6500.0,True,2026-07-28,amahaho
Mango - Umwembe /1kg,Fruits & Vegetables,7000.0,True,2026-07-28,amahaho
Bananas - Imineke - Banane Gros Michel,Fruits & Vegetables,2750.0,True,2026-07-28,amahaho
Watermelon - Pasteque /Pc,uncategorised,6500.0,True,2026-07-28,amahaho
Tree Tomato - Ibinyomoro - Prune du Japon /kg,Fruits & Vegetables,3500.0,True,2026-07-28,amahaho
Green Lemon - Indimu - Citron Vert /kg,Fruits & Vegetables,2500.0,True,2026-07-28,amahaho
Small Sweet bananas - Imineke ya Kamara /Bunch,Fruits & Vegetables,2500.0,True,2026-07-28,amahaho
Avocat - Avocado /Pc,Fruits & Vegetables,600.0,True,2026-07-28,amahaho
Maracuja - Passion Fruits- Amatunda /Kg,Fruits & Vegetables,3700.0,True,2026-07-28,amahaho
Red Apple - Pomme Rouge /Pc,Fruits & Vegetables,800.0,True,2026-07-28,amahaho
Orange /kg,Fruits & Vegetables,5000.0,True,2026-07-28,amahaho
Mandarin /Kg,Fruits & Vegetables,3000.0,True,2026-07-28,amahaho
Green Apple - Pomme Verte /Pc,Fruits & Vegetables,800.0,True,2026-07-28,amahaho
Papaya /Pc,Fruits & Vegetables,2300.0,True,2026-07-28,amahaho
Strawberry - Fraise - Inkeri / 250g /125g,Fruits & Vegetables,7500.0,True,2026-07-28,amahaho
Granadilla - Grenadille - Yellow Passion /Kg,Fruits & Vegetables,5700.0,True,2026-07-28,amahaho
Gooseberries - Groseilles /Kg,Fruits & Vegetables,3500.0,True,2026-07-28,amahaho
Green Orange /Kg,Fruits & Vegetables,1650.0,True,2026-07-28,amahaho
Red Grapes,Fruits & Vegetables,7000.0,True,2026-07-28,amahaho
Coeur de Boeuf /Kg,Fruits & Vegetables,5500.0,True,2026-07-28,amahaho
Coconut - Noix de Coco /Pc,Fruits & Vegetables,4000.0,True,2026-07-28,amahaho
Red Guava - Goyave Rouge - Amapera y'Umutuku /Kg,Fruits & Vegetables,3200.0,True,2026-07-28,amahaho
White Guava - Goyave Blanche - Amapera y'Umweru /Kg,Fruits & Vegetables,3500.0,True,2026-07-28,amahaho
Red Cherry - Cerise Rouge / 250g,Fruits & Vegetables,7500.0,True,2026-07-28,amahaho
Whole Chicken (Pondeuse) /Kg,Poultry,9500.0,True,2026-07-28,amahaho
Chicken Breast /Kg,meat,10500.0,True,2026-07-28,amahaho
Chicken Leg /Kg,Meat,9500.0,True,2026-07-28,amahaho
Pork Meat /Kg,Meat,7000.0,True,2026-07-28,amahaho
Beef Jarret -  Jarret de Boeuf /Kg,Meat,8500.0,True,2026-07-28,amahaho
Pork Ham - Jambon de Porc /100g,Meat,1000.0,True,2026-07-28,amahaho
Small Dried Fish - Isambaza Zumye /Kg,Fish,19700.0,True,2026-07-28,amahaho
Beef Bones -  Os de Boeuf - Imifupa /Kg,Meat,4500.0,True,2026-07-28,amahaho
Rabbit Meat - Viandes de Lapin - Inyama z'Urukwavu /Kg,Meat,9500.0,True,2026-07-28,amahaho
Chicken Wings - Ailes de Poules /Kg,Meat,8500.0,True,2026-07-28,amahaho
Whole Chicken (Inyarwanda) /Kg,Meat,9500.0,True,2026-07-28,amahaho
Beef Fillet - Fillet de Boeuf /Kg,Meat,15000.0,True,2026-07-28,amahaho
Pork Salami /100g,Meat,1600.0,True,2026-07-28,amahaho
Beef Ribs -  Imbavu z'Inka - Côtes de Boeuf /Kg,Meat,7500.0,True,2026-07-28,amahaho
Onion Leeks - Poireau /Bunch,Fruits & Vegetables,600.0,True,2026-07-28,amahaho
Cassava leaves - Isombe /Kg,Fruits & Vegetables,2000.0,True,2026-07-28,amahaho
Cassava leaves - Isombe /Bunch,Fruits & Vegetables,800.0,True,2026-07-28,amahaho
Celery - Celerie /Bunch,Fruits & Vegetables,550.0,True,2026-07-28,amahaho
Cucumber - Concombre / pc,Fruits & Vegetables,550.0,True,2026-07-28,amahaho
Epinard - Spinach /Bunch,Fruits & Vegetables,1300.0,True,2026-07-28,amahaho
Green Amaranth - Imbwija /Bunch,Fruits & Vegetables,300.0,True,2026-07-28,amahaho
Mushrooms - Champignons /Kg,Fruits & Vegetables,4000.0,True,2026-07-28,amahaho
Green EggPlant - Intoryi /Kg,Fruits & Vegetables,1000.0,True,2026-07-28,amahaho
Lettuce - Laitue /Bunch,Fruits & Vegetables,550.0,True,2026-07-28,amahaho
Lenga Lenga - Imboga rwatsi(Dodo) /Bunch,Fruits & Vegetables,600.0,True,2026-07-28,amahaho
Parsley - Persil /Bunch,Fruits & Vegetables,525.0,True,2026-07-28,amahaho
Peas - Pois - Amashaza /Kg,Fruits & Vegetables,3500.0,True,2026-07-28,amahaho
Red Onions - oignons rouge /Kg,Fruits & Vegetables,1500.0,True,2026-07-28,amahaho
Collard Greens - Sukuma wiki /Bunch,Fruits & Vegetables,600.0,True,2026-07-28,amahaho
Tomatoes - Tomates - Inyanya /Kg,Fruits & Vegetables,2000.0,True,2026-07-28,amahaho
White Onions / oignons Blanc /Kg,Fruits & Vegetables,2700.0,True,2026-07-28,amahaho
Zucchini - Courgette /Pc,Fruits & Vegetables,1500.0,True,2026-07-28,amahaho
Broccoli /Pc,Fruits & Vegetables,2300.0,True,2026-07-28,amahaho
Red Cabbage /Pc,Fruits & Vegetables,1600.0,True,2026-07-28,amahaho
Cabbage - Ishu /Pc,Fruits & Vegetables,1000.0,True,2026-07-28,amahaho
Cauliflower - Choufleur /Pc,Fruits & Vegetables,2000.0,True,2026-07-28,amahaho
Green Pepper /Kg,Fruits & Vegetables,4000.0,True,2026-07-28,amahaho
Eggplant - Aubergine - Ikibiringanya /Pc,Fruits & Vegetables,600.0,True,2026-07-28,amahaho
Fresh Carrots/ Kg,Fruits & Vegetables,1700.0,True,2026-07-28,amahaho
Diluted Natural Pineapple Juice /500ml,Juice,1000.0,True,2026-07-28,amahaho
Agashya Passion Juice /1L,Juice,13000.0,True,2026-07-28,amahaho
Agashya Pineapple Juice /1L,Juice,6500.0,True,2026-07-28,amahaho
Agashya Strawberry Juice /1L,Juice,7000.0,True,2026-07-28,amahaho
Supa Suku Paper Works - Serviettes Supa,Paper Napkins,950.0,True,2026-07-28,amahaho
Golden Aluminium Foil,Foil,13300.0,True,2026-07-28,amahaho
Supa Toilet Paper /10 Pacs,Toilet Paper,4000.0,True,2026-07-28,amahaho
Clear Toilet Paper /10 Packs,Toilet Paper,4000.0,True,2026-07-28,amahaho
Masaka Strawberry Yoghurt 500g,Yogurt,1100.0,True,2026-07-28,amahaho
Akabanga Chili Oil /20ml,Peppers,1650.0,True,2026-07-28,amahaho
Akabanga Chili Oil /100ml,Peppers,4200.0,True,2026-07-28,amahaho
Masaka Vanilla Yoghurt 400ml,Yogurt,1200.0,True,2026-07-28,amahaho
Red Beans - Ibishyimbo bitukura /1kg,Beans,1500.0,True,2026-07-28,amahaho
Laying Hen Egg - Igi rya Pondeuse,Eggnog,200.0,True,2026-07-28,amahaho
Rwandan Egg - igi ry'irinyarwanda,Eggs,350.0,True,2026-07-28,amahaho
Black Pepper,Herbs & Spices,2500.0,True,2026-07-28,amahaho
Baking Powder -Chapa Mandazi,Baking Powder,300.0,True,2026-07-28,amahaho
RS Olive Oil 1L,Cooking Oil,15000.0,True,2026-07-28,amahaho
Gishwati Gouda Cheese - Fromage ya Gishwati 500g,Cheese,8200.0,True,2026-07-28,amahaho
Rwanda Honey 1kg,Honey,7000.0,True,2026-07-28,amahaho
ABDC Pure Natural Honey 1kg,Honey,8200.0,True,2026-07-28,amahaho
Colgate Toothpaste 140g,Toothpaste,3000.0,True,2026-07-28,amahaho
Pampers New Baby-Dry (3-6kg) Mini /40 Pieces,Diapers,12500.0,True,2026-07-28,amahaho
Garlic Powder Tropical Heat /50g,Garlic,2000.0,True,2026-07-28,amahaho
Cube Maggi /400g,Seasonings & Spices,2200.0,True,2026-07-28,amahaho
Zesta Strawberry Jam /500g,Jams & Jellies,4000.0,True,2026-07-28,amahaho
Everyday Strawberry Jam /700g,Jams & Jellies,6900.0,True,2026-07-28,amahaho
4Fruits Everyday Jam / 450g,Jams & Jellies,3900.0,True,2026-07-28,amahaho
Mountain Coffee /500g,Coffee,6300.0,True,2026-07-28,amahaho
Gorilla Coffee 500g,Coffee,10950.0,True,2026-07-28,amahaho
Nescafe /200g,Coffee,8900.0,True,2026-07-28,amahaho
Sweet Potatoes - Ibijumba /1kg,Sweet Potatoes,850.0,True,2026-07-28,amahaho
Irish Potatoes Umweru / ibirayi by'Umweru/ 1kg,Potatoes,1100.0,True,2026-07-28,amahaho
Big Irish Potatoes Kinigi - Ibirayi bya Kinigi/1kg,Potatoes,1200.0,True,2026-07-28,amahaho
Brown Sugar,Sugars & Sweeteners,2750.0,True,2026-07-28,amahaho
American Garden Apple Cider Vinegar 5% 32oz (946mL),Condiment,8100.0,True,2026-07-28,amahaho
Jambo Basmati Rice 10kg,Rice,34000.0,True,2026-07-28,amahaho
Iturize Baby Wipes - Lingettes Iturize /260 Wipes,Baby Wipes,5000.0,True,2026-07-28,amahaho
Garlic Powder /60g,Garlic,2.0,True,2026-07-28,amahaho
Tiffany Digestive Wheat Biscuits /250g,Cookies,2400.0,True,2026-07-28,amahaho
Manji Digestive Cookies - Biscuit Digestif 500g,Cookies,2900.0,True,2026-07-28,amahaho
Chocolate France Belle /100g,Cookies,2400.0,True,2026-07-28,amahaho
Everyday Speculoose Biscuits   /1kg,Cookies,15200.0,True,2026-07-28,amahaho
Voortman Sugar Free cookies,Cookies,9000.0,True,2026-07-28,amahaho
Ferrero Rocher Chocolate /200g,Cookies,21700.0,True,2026-07-28,amahaho
Ace Toilet cleaner /750ml,Toilet Bowl Cleaners,2500.0,True,2026-07-28,amahaho
Azam Wheat Flour 2kg,Flour,5000.0,True,2026-07-28,amahaho
Karibu Tomato Paste /70g,Tomato Paste,500.0,True,2026-07-28,amahaho
Kenzy Tomato Paste /70g,Tomato Paste,300.0,True,2026-07-28,amahaho
Sorwatom Tomato Paste /70g,Tomato Paste,450.0,True,2026-07-28,amahaho
Salsa Tomato Paste /70g,Tomato Paste,550.0,True,2026-07-28,amahaho
Kinazi Cassava Flour /2kg,Flour,6100.0,True,2026-07-28,amahaho
Din Pic Toilet Cleaner /800ml,Toilet Bowl Cleaners,2500.0,True,2026-07-28,amahaho
Vim All - Purpose Cleaner,Household Cleaning Products,1500.0,True,2026-07-28,amahaho
Royco Mchuzi Mix /500g,Seasonings & Spices,3000.0,True,2026-07-28,amahaho
Royco Mchuzi Mix /200g,Seasonings & Spices,1650.0,True,2026-07-28,amahaho
Meru White Bar Soap 600g,Bar Soap,2000.0,True,2026-07-28,amahaho
Popco White Bar Soap,Bar Soap,2000.0,True,2026-07-28,amahaho
Minimex Maize Flour 5kg,Flour,6000.0,True,2026-07-28,amahaho
Minimex Maize Flour 10kg,Flour,13700.0,True,2026-07-28,amahaho
Zahabu / Karanga Vegetable Oil - Amavuta yo guteka,Cooking Oils,15500.0,True,2026-07-28,amahaho
Brown Sugar - Isukari,Sugars & Sweeteners,5800.0,True,2026-07-28,amahaho
Clear Liquid Detergent 5L,Cleaning Product,4000.0,True,2026-07-28,amahaho
Blue Band Spread 1kg,Jams & Sweet Spreads,6000.0,True,2026-07-28,amahaho
Noliver Multipurpose Detergent 5L,Cleaning Product,4000.0,True,2026-07-28,amahaho
Klin Laundry Detergent 3.5 kg,Cleaning Product,10000.0,True,2026-07-28,amahaho
Sunlight Washing Powder 5kg,Cleaning Product,18500.0,True,2026-07-28,amahaho
Sunlight Washing Powder 1kg,Cleaning Product,4500.0,True,2026-07-28,amahaho
JIK Bleach 750mL,Cleaning Product,5000.0,True,2026-07-28,amahaho
Tembo Bar Soap 224g,Bath & Shower,900.0,True,2026-07-28,amahaho
Clear Paper Napkins,Kitchen Supplies,800.0,True,2026-07-28,amahaho
Gishwati Farms Gouda Cheese 500g,Dairy,8200.0,True,2026-07-28,amahaho
Cube Maggi/Pc,"Herbs, Spices & Seasonings",200.0,True,2026-07-28,amahaho
Culino Lemon Mayonnaise 500mL,Condiment,7500.0,True,2026-07-28,amahaho
Sabroso Extra Virgin Olive Oil 1L,Cooking Oil,24000.0,True,2026-07-28,amahaho
Indomie Chicken Flavor Noodle Jumbo Pack 120g / 40pcs,Pasta & Noodles,15500.0,True,2026-07-28,amahaho
Spaghetti Santa Lucia 500g,Pasta & Noodles,1400.0,True,2026-07-28,amahaho
Everyday Extra Virgin Oil 1L,Cooking Oil,15000.0,True,2026-07-28,amahaho
Jambo Extra Virgin Olive Oil 1L,Cooking Oil,24000.0,True,2026-07-28,amahaho
Jambo Sunflower Oil 5L,Cooking Oil,24000.0,True,2026-07-28,amahaho
Baba Noor Basmati Rice 5kg,Rice,25000.0,True,2026-07-28,amahaho
Baba Noor Basmati Rice 10kg,Rice,33300.0,True,2026-07-28,amahaho
Tanzania Rice No1 25kg,Rice,55500.0,True,2026-07-28,amahaho
Thai White Rice 25kg,Rice,42050.0,True,2026-07-28,amahaho
Pakistan Rice 25kg,Rice,38000.0,True,2026-07-28,amahaho
Jambo Basmati Rice 5kg,Rice,19850.0,True,2026-07-28,amahaho
Jambo Basmati Rice 2kg,Rice,9000.0,True,2026-07-28,amahaho
Jambo Basmati Rice 1kg,Rice,4800.0,True,2026-07-28,amahaho
Source du Nil Mineral Water 24 x 500mL,Water,8650.0,True,2026-07-28,amahaho
Inyange Mineral Water 500mL x 24,Water,9600.0,True,2026-07-28,amahaho
Inyange Mineral Water 500ml,Water,4800.0,True,2026-07-28,amahaho
Inyange Mineral Water 6 x 1L,Water,4800.0,True,2026-07-28,amahaho
Jibu Drinking Water 20L Jerricane,Water,2900.0,True,2026-07-28,amahaho
Jibu Drinking Water for Dispenser 20L,Water,2900.0,True,2026-07-28,amahaho
Jibu Drinking Water 20L,Water,27800.0,True,2026-07-28,amahaho
Source du Nil Water 18.9L,Water,3800.0,True,2026-07-28,amahaho
Inyange Water 18.9L,Water,4550.0,True,2026-07-28,amahaho
Nostalgia Retro Lighted Party Fountain Dbf15Rr Red Deluxe,uncategorised,115000.0,True,2026-07-28,amahaho
Nostalgia Retro Waffle 50S Style Belgian,uncategorised,55000.0,True,2026-07-28,amahaho
Nostalgia Retro Chocolate Waterfall  Red,uncategorised,115000.0,True,2026-07-28,amahaho
"Nostalgia Retro Series Stir Popcorn Maker Popper, 650W",uncategorised,70000.0,True,2026-07-28,amahaho
Nostalgia Retro Mini Hot Air Popcorn Maker,uncategorised,50000.0,True,2026-07-28,amahaho
Indesit 4 Gas + 2 Electric Cooker,uncategorised,525000.0,True,2026-07-28,amahaho
Simfer Profesional Cooker 5 Gas + 1 Electric Oven,uncategorised,700000.0,True,2026-07-28,amahaho
Simfer Cooker 3 Gas +1 Electric Cooker 60CM,uncategorised,400000.0,True,2026-07-28,amahaho
Simfer 5 Gas Cooker - Half Inox  90CM,uncategorised,680000.0,True,2026-07-28,amahaho
"Simfer 5 Gas Professional Cooker, Multifunctional Electric Oven",uncategorised,670000.0,True,2026-07-28,amahaho
"Samsung Single Door Fridge, 203L, Stabilizer Free Operation",uncategorised,415000.0,True,2026-07-28,amahaho
"Samsung Fridge, Top Mount Freezer, 530L, Twin Cooling Plus",uncategorised,1500000.0,True,2026-07-28,amahaho
"Samsung Top Mount Freezer Fridge 308L, LED lighting, Twin Cooling Plus",uncategorised,850000.0,True,2026-07-28,amahaho
Samsung Side-by-Side Refrigerator 540L,uncategorised,1700000.0,True,2026-07-28,amahaho
Samsung 321L Top Mount Freezer Fridge,uncategorised,910000.0,True,2026-07-28,amahaho
Samsung 253L Top Freezer Refrigerator,uncategorised,705000.0,True,2026-07-28,amahaho
"Samsung Single Door Fridge, 183L",uncategorised,390000.0,True,2026-07-28,amahaho
Philips Perfect Care Steam Iron 2400W,uncategorised,137500.0,True,2026-07-28,amahaho
Philips Steam Iron 2400W,uncategorised,112500.0,True,2026-07-28,amahaho
Philips Steam Iron 1400W,uncategorised,425000.0,True,2026-07-28,amahaho
Philips Diva Dry iron 1200W,uncategorised,25000.0,True,2026-07-28,amahaho
"Philips Steam 2000W Blue, White-Irons, Plastic, 2000 W",uncategorised,48750.0,True,2026-07-28,amahaho
"Bosch Top Mount Freezer Fridge, 321L",uncategorised,800000.0,True,2026-07-28,amahaho
Bosch Top Mount Freezer Fridge 250L,uncategorised,620000.0,True,2026-07-28,amahaho
"Bosch  Bottom Freezer Fridge, 505L",uncategorised,1600000.0,True,2026-07-28,amahaho
Bosch Steam Iron with 2400W Power and 300ML Water Tank Capacity in Black and Red,uncategorised,75000.0,True,2026-07-28,amahaho
Ariston AHPN9.4F X Built In Hood,uncategorised,530000.0,True,2026-07-28,amahaho
Nokia 105 Dual Sim,Phone,17500.0,True,2026-07-28,amahaho
Nokia N110,Phone,25000.0,True,2026-07-28,amahaho
"Elekta Platinum Stainless Steel Tea Maker 1.7L (Kettle), 0.9L (Tea Pot)",Tea & Coffee Maker,38000.0,True,2026-07-28,amahaho
